﻿<?xml version="1.0" encoding="utf-8"?><meta xmlns:xsi="http://www.w3.org/2001/XMLSchema-instance" xmlns:xsd="http://www.w3.org/2001/XMLSchema"><project id="670xatStWB1" courseid="6AdWfOoHHMW" thumburl="story_content/thumbnail.jpg" title="ADHD Betary" datepublished="2023-12-04T15:09:46" version="1.0.0.0" flashdata="story_content/data.swf" html5data="mobile/data.json" mobiledata="mobile/data.gz" enabledownload="false" duration="About 6 minutes" totalaudio="0" totalvideo="0"><description>بطارية اختبارات لقياس اضطراب نقص الانتباه المصحوب بالنشاط الزائد</description><keywords /><slidemeta moniker="slide" monikerplural="slides" viewslides="118" slidecountdescription="118 slides" /><author name="ASUS" email="" website="" /><application name="Articulate Storyline" version="3.19.29010.0" xmlversion="4.0" /></project></meta>