<?xml version="1.0" encoding="utf-8"?>
<bwFrame xmlns:xsi="http://www.w3.org/2001/XMLSchema-instance" xmlns:xsd="http://www.w3.org/2001/XMLSchema" default_layout="pxabsnfns00000100101" textdirection="ltr" textengine="DirectWrite" device="false" fontscale="100" captionFontScale="100" kbshortcuts="false" skip_nav_enabled="true" chromeless="false" outputtype="undefined" theme="classic">
  <layouts>
    <layout name="npnxnanbsnfns00000100101" font="Open Sans" controllayout="npnxnanbsnfns00000100101" colorscheme="pxabsnfns00000100101" string_table="pxabsnfns00000100101" />
    <layout name="pxabnsnfns00000100101" font="Open Sans" controllayout="pxabnsnfns00000100101" colorscheme="pxabsnfns00000100101" string_table="pxabsnfns00000100101" />
    <layout name="npxnabnsnfns00000100101" font="Open Sans" controllayout="npxnabnsnfns00000100101" colorscheme="pxabsnfns00000100101" string_table="pxabsnfns00000100101" />
    <layout name="npnxnanbnsnfns00000100101" font="Open Sans" controllayout="npnxnanbnsnfns00000100101" colorscheme="pxabsnfns00000100101" string_table="pxabsnfns00000100101" />
    <layout name="pxabnsnfns00000100100" font="Open Sans" controllayout="pxabnsnfns00000100100" colorscheme="pxabsnfns00000100101" string_table="pxabsnfns00000100101" />
    <layout name="pxabsnfns00000100101" font="Open Sans" controllayout="pxabsnfns00000100101" colorscheme="pxabsnfns00000100101" string_table="pxabsnfns00000100101" />
  </layouts>
  <control_options>
    <optiongroups>
      <optiongroup name="sidebaroptions">
        <options>
          <option name="title_enabled" value="true">
            <options>
              <option name="title_text" value="ADHD Betary" />
            </options>
          </option>
          <option name="logo_enabled" value="false">
            <options />
          </option>
          <option name="sidebar_enabled" value="false">
            <options>
              <option name="sidebarpos" value="left" />
              <option name="closed" value="false" />
            </options>
          </option>
          <optionlist name="tabs">
            <listitems>
              <listitem name="outline" value="false" group="linkleft" />
              <listitem name="resources" value="true" group="linkright" />
              <listitem name="glossary" value="false" group="sidebar" />
              <listitem name="transcript" value="false" group="sidebar" />
            </listitems>
          </optionlist>
          <option name="time_enabled" value="false">
            <options>
              <option name="time_format" value="none" />
            </options>
          </option>
          <option name="video_enabled" value="false">
            <options>
              <option name="height" value="135" />
            </options>
          </option>
          <option name="logoAltText" />
        </options>
      </optiongroup>
      <optiongroup name="menuoptions">
        <options>
          <option name="flow" value="free" />
          <option name="wraplistitems" value="false" />
          <option name="tooltips" value="true" />
          <option name="autocollapse" value="true" />
          <option name="autonumber" value="false" />
          <option name="enableresultsicons" value="true" />
        </options>
      </optiongroup>
      <optiongroup name="controls">
        <options>
          <option name="volume" value="true" />
          <option name="seekbar" value="false">
            <options>
              <option name="readonly" value="false" />
              <option name="readonlyOnce" value="false" />
            </options>
          </option>
          <option name="pauseplay" value="false" />
          <option name="replay" value="false" />
          <option name="search" value="false" />
          <option name="closed_captions" value="true">
            <options>
              <option name="font" value="Open Sans" />
            </options>
          </option>
          <option name="settings" value="true" />
          <option name="fullScreenToggle" value="false" />
          <option name="playbackSpeedControl" value="false" />
        </options>
      </optiongroup>
      <optiongroup name="bottombaroptions">
        <options>
          <option name="bottombar_enabled" value="true" />
        </options>
      </optiongroup>
      <optiongroup name="buttonoptions">
        <options>
          <option name="next" value="icon" />
          <option name="previous" value="icon" />
          <option name="submit" value="icon" />
        </options>
      </optiongroup>
    </optiongroups>
  </control_options>
  <control_layouts>
    <control_layout name="npnxnanbsnfns00000100101">
      <control name="volume" enabled="true" />
      <control name="seekbar" enabled="false" />
      <control name="replay" enabled="false" />
      <control name="pauseplay" enabled="false" />
      <control name="logo" enabled="false" />
      <control name="previous" enabled="false" />
      <control name="next" enabled="false" />
      <control name="swipeleft" enabled="false" />
      <control name="swiperight" enabled="false" />
      <control name="submit" enabled="true" />
      <control name="finish" enabled="false" />
      <control name="submitall" enabled="false" />
      <control name="resources" enabled="true" />
      <control name="glossary" enabled="false" />
      <control name="transcript" enabled="false" />
      <control name="outline" enabled="false">
        <controls>
          <control name="search" enabled="false" />
        </controls>
      </control>
      <control name="close_btn" enabled="true" />
    </control_layout>
    <control_layout name="pxabnsnfns00000100101">
      <control name="volume" enabled="true" />
      <control name="seekbar" enabled="false" />
      <control name="replay" enabled="false" />
      <control name="pauseplay" enabled="false" />
      <control name="logo" enabled="false" />
      <control name="previous" enabled="true" />
      <control name="next" enabled="true" />
      <control name="swipeleft" enabled="true" />
      <control name="swiperight" enabled="true" />
      <control name="submit" enabled="false" />
      <control name="finish" enabled="false" />
      <control name="submitall" enabled="false" />
      <control name="resources" enabled="true" />
      <control name="glossary" enabled="false" />
      <control name="transcript" enabled="false" />
      <control name="outline" enabled="false">
        <controls>
          <control name="search" enabled="false" />
        </controls>
      </control>
      <control name="close_btn" enabled="true" />
    </control_layout>
    <control_layout name="npxnabnsnfns00000100101">
      <control name="volume" enabled="true" />
      <control name="seekbar" enabled="false" />
      <control name="replay" enabled="false" />
      <control name="pauseplay" enabled="false" />
      <control name="logo" enabled="false" />
      <control name="previous" enabled="false" />
      <control name="next" enabled="true" />
      <control name="swipeleft" enabled="false" />
      <control name="swiperight" enabled="true" />
      <control name="submit" enabled="false" />
      <control name="finish" enabled="false" />
      <control name="submitall" enabled="false" />
      <control name="resources" enabled="true" />
      <control name="glossary" enabled="false" />
      <control name="transcript" enabled="false" />
      <control name="outline" enabled="false">
        <controls>
          <control name="search" enabled="false" />
        </controls>
      </control>
      <control name="close_btn" enabled="true" />
    </control_layout>
    <control_layout name="npnxnanbnsnfns00000100101">
      <control name="volume" enabled="true" />
      <control name="seekbar" enabled="false" />
      <control name="replay" enabled="false" />
      <control name="pauseplay" enabled="false" />
      <control name="logo" enabled="false" />
      <control name="previous" enabled="false" />
      <control name="next" enabled="false" />
      <control name="swipeleft" enabled="false" />
      <control name="swiperight" enabled="false" />
      <control name="submit" enabled="false" />
      <control name="finish" enabled="false" />
      <control name="submitall" enabled="false" />
      <control name="resources" enabled="true" />
      <control name="glossary" enabled="false" />
      <control name="transcript" enabled="false" />
      <control name="outline" enabled="false">
        <controls>
          <control name="search" enabled="false" />
        </controls>
      </control>
      <control name="close_btn" enabled="true" />
    </control_layout>
    <control_layout name="pxabnsnfns00000100100">
      <control name="volume" enabled="true" />
      <control name="seekbar" enabled="false" />
      <control name="replay" enabled="false" />
      <control name="pauseplay" enabled="false" />
      <control name="logo" enabled="false" />
      <control name="previous" enabled="true" />
      <control name="next" enabled="true" />
      <control name="swipeleft" enabled="true" />
      <control name="swiperight" enabled="true" />
      <control name="submit" enabled="false" />
      <control name="finish" enabled="false" />
      <control name="submitall" enabled="false" />
      <control name="resources" enabled="true" />
      <control name="glossary" enabled="false" />
      <control name="transcript" enabled="false" />
      <control name="outline" enabled="false">
        <controls>
          <control name="search" enabled="false" />
        </controls>
      </control>
      <control name="close_btn" enabled="false" />
    </control_layout>
    <control_layout name="pxabsnfns00000100101">
      <control name="volume" enabled="true" />
      <control name="seekbar" enabled="false" />
      <control name="replay" enabled="false" />
      <control name="pauseplay" enabled="false" />
      <control name="logo" enabled="false" />
      <control name="previous" enabled="true" />
      <control name="next" enabled="true" />
      <control name="swipeleft" enabled="true" />
      <control name="swiperight" enabled="true" />
      <control name="submit" enabled="true" />
      <control name="finish" enabled="false" />
      <control name="submitall" enabled="false" />
      <control name="resources" enabled="true" />
      <control name="glossary" enabled="false" />
      <control name="transcript" enabled="false" />
      <control name="outline" enabled="false">
        <controls>
          <control name="search" enabled="false" />
        </controls>
      </control>
      <control name="close_btn" enabled="true" />
    </control_layout>
  </control_layouts>
  <colorschemes>
    <colorscheme name="pxabsnfns00000100101">
      <color_group name="accessibility">
        <group_colors>
          <color name="focus_rect">
            <fill type="linear" rotation="90">
              <colors>
                <color rgb="0xFFFF00" alpha="100" stop="0" />
              </colors>
            </fill>
          </color>
        </group_colors>
      </color_group>
      <color_group name="infopanel">
        <group_colors>
          <color name="link_text">
            <fill type="linear" rotation="90">
              <colors>
                <color rgb="0x7C2280" alpha="100" stop="0" />
              </colors>
            </fill>
          </color>
          <color name="link_hover">
            <fill type="linear" rotation="90">
              <colors>
                <color rgb="0x0000EE" alpha="100" stop="0" />
              </colors>
            </fill>
          </color>
          <color name="bg">
            <fill type="linear" rotation="90">
              <colors>
                <color rgb="0xFFFFFF" alpha="100" stop="0" />
              </colors>
            </fill>
          </color>
          <color name="shadow">
            <fill type="linear" rotation="90">
              <colors>
                <color rgb="0xB8B8B8" alpha="100" stop="0" />
              </colors>
            </fill>
          </color>
          <color name="name_text">
            <fill type="linear" rotation="90">
              <colors>
                <color rgb="0x444444" alpha="100" stop="0" />
              </colors>
            </fill>
          </color>
          <color name="title_text">
            <fill type="linear" rotation="90">
              <colors>
                <color rgb="0x999999" alpha="100" stop="0" />
              </colors>
            </fill>
          </color>
        </group_colors>
      </color_group>
      <color_group name="infopanelpopup">
        <group_colors>
          <color name="link_text">
            <fill type="linear" rotation="90">
              <colors>
                <color rgb="0x7C2280" alpha="100" stop="0" />
              </colors>
            </fill>
          </color>
          <color name="link_hover">
            <fill type="linear" rotation="90">
              <colors>
                <color rgb="0x0000EE" alpha="100" stop="0" />
              </colors>
            </fill>
          </color>
          <color name="bg">
            <fill type="linear" rotation="90">
              <colors>
                <color rgb="0xE9E9E9" alpha="100" stop="0" />
                <color rgb="0xCFCFCF" alpha="100" stop="255" />
              </colors>
            </fill>
          </color>
          <color name="shadow">
            <fill type="linear" rotation="90">
              <colors>
                <color rgb="0xB8B8B8" alpha="100" stop="0" />
              </colors>
            </fill>
          </color>
          <color name="name_text">
            <fill type="linear" rotation="90">
              <colors>
                <color rgb="0x444444" alpha="100" stop="0" />
              </colors>
            </fill>
          </color>
          <color name="bio_text">
            <fill type="linear" rotation="90">
              <colors>
                <color rgb="0x999999" alpha="100" stop="0" />
              </colors>
            </fill>
          </color>
        </group_colors>
      </color_group>
      <color_group name="timer">
        <group_colors>
          <color name="duration">
            <fill type="linear" rotation="90">
              <colors>
                <color rgb="0x00D7FF" alpha="100" stop="0" />
                <color rgb="0x00ABFF" alpha="100" stop="255" />
              </colors>
            </fill>
          </color>
          <color name="elapsed">
            <fill type="linear" rotation="90">
              <colors>
                <color rgb="0xFEE347" alpha="100" stop="0" />
                <color rgb="0xFCCC2A" alpha="100" stop="255" />
              </colors>
            </fill>
          </color>
          <color name="stroke">
            <fill type="linear" rotation="90">
              <colors>
                <color rgb="0xC7C7C7" alpha="100" stop="0" />
              </colors>
            </fill>
          </color>
          <color name="inner">
            <fill type="linear" rotation="90">
              <colors>
                <color rgb="0xFFFFFF" alpha="100" stop="0" />
              </colors>
            </fill>
          </color>
          <color name="text">
            <fill type="linear" rotation="90">
              <colors>
                <color rgb="0x555555" alpha="100" stop="0" />
              </colors>
            </fill>
          </color>
        </group_colors>
      </color_group>
      <color_group name="window">
        <group_colors>
          <color name="text">
            <fill type="linear" rotation="90">
              <colors>
                <color rgb="0x555555" alpha="100" stop="0" />
              </colors>
            </fill>
          </color>
          <color name="inner">
            <fill type="linear" rotation="90">
              <colors>
                <color rgb="0xEAEAEA" alpha="100" stop="0" />
                <color rgb="0xCFCFCF" alpha="100" stop="255" />
              </colors>
            </fill>
          </color>
          <color name="bg">
            <fill type="linear" rotation="90">
              <colors>
                <color rgb="0xF3F3F3" alpha="100" stop="0" />
              </colors>
            </fill>
          </color>
          <color name="diva">
            <fill type="linear" rotation="90">
              <colors>
                <color rgb="0xF7F7F7" alpha="100" stop="0" />
              </colors>
            </fill>
          </color>
          <color name="divb">
            <fill type="linear" rotation="90">
              <colors>
                <color rgb="0xD3D3D3" alpha="100" stop="0" />
              </colors>
            </fill>
          </color>
          <color name="shadow">
            <fill type="linear" rotation="90">
              <colors>
                <color rgb="0x000000" alpha="20" stop="0" />
              </colors>
            </fill>
          </color>
        </group_colors>
      </color_group>
      <color_group name="editor">
        <group_colors>
          <color name="slide_text">
            <fill type="linear" rotation="90">
              <colors>
                <color rgb="0x555555" alpha="100" stop="0" />
              </colors>
            </fill>
          </color>
          <color name="html_text">
            <fill type="linear" rotation="90">
              <colors>
                <color rgb="0x444444" alpha="100" stop="0" />
              </colors>
            </fill>
          </color>
          <color name="btn_bg">
            <fill type="linear" rotation="90">
              <colors>
                <color rgb="0xF5F5F5" alpha="100" stop="0" />
                <color rgb="0xC7C7C7" alpha="100" stop="255" />
              </colors>
            </fill>
          </color>
          <color name="btn_hover">
            <fill type="linear" rotation="90">
              <colors>
                <color rgb="0xF2F2F2" alpha="100" stop="0" />
                <color rgb="0xAFAFAF" alpha="100" stop="255" />
              </colors>
            </fill>
          </color>
          <color name="btn_down">
            <fill type="linear" rotation="90">
              <colors>
                <color rgb="0xC7C7C7" alpha="100" stop="0" />
                <color rgb="0xF4F4F4" alpha="100" stop="255" />
              </colors>
            </fill>
          </color>
          <color name="btn_border">
            <fill type="linear" rotation="90">
              <colors>
                <color rgb="0xB1B1B1" alpha="100" stop="0" />
              </colors>
            </fill>
          </color>
          <color name="btn_text">
            <fill type="linear" rotation="90">
              <colors>
                <color rgb="0x353535" alpha="100" stop="0" />
              </colors>
            </fill>
          </color>
          <color name="btn_text_shadow">
            <fill type="linear" rotation="90">
              <colors>
                <color rgb="0xF0F0F0" alpha="100" stop="0" />
              </colors>
            </fill>
          </color>
        </group_colors>
      </color_group>
      <color_group name="listitem">
        <group_colors>
          <color name="selected_text">
            <fill type="linear" rotation="90">
              <colors>
                <color rgb="0x353535" alpha="100" stop="0" />
              </colors>
            </fill>
          </color>
          <color name="lines">
            <fill type="linear" rotation="90">
              <colors>
                <color rgb="0xDFDFDF" alpha="100" stop="0" />
              </colors>
            </fill>
          </color>
          <color name="hover">
            <fill type="linear" rotation="90">
              <colors>
                <color rgb="0xE6E6E6" alpha="100" stop="0" />
              </colors>
            </fill>
          </color>
          <color name="viewed">
            <fill type="linear" rotation="90">
              <colors>
                <color rgb="0x909090" alpha="100" stop="0" />
              </colors>
            </fill>
          </color>
          <color name="text">
            <fill type="linear" rotation="90">
              <colors>
                <color rgb="0x353535" alpha="100" stop="0" />
              </colors>
            </fill>
          </color>
          <color name="selected">
            <fill type="linear" rotation="90">
              <colors>
                <color rgb="0xC0E2F1" alpha="100" stop="0" />
              </colors>
            </fill>
          </color>
          <color name="shadow">
            <fill type="linear" rotation="90">
              <colors>
                <color rgb="0xFFFFFF" alpha="100" stop="0" />
              </colors>
            </fill>
          </color>
        </group_colors>
      </color_group>
      <color_group name="base">
        <group_colors>
          <color name="text">
            <fill type="linear" rotation="90">
              <colors>
                <color rgb="0x555555" alpha="100" stop="0" />
              </colors>
            </fill>
          </color>
          <color name="diva">
            <fill type="linear" rotation="90">
              <colors>
                <color rgb="0xD3D3D3" alpha="100" stop="0" />
              </colors>
            </fill>
          </color>
          <color name="divb">
            <fill type="linear" rotation="90">
              <colors>
                <color rgb="0xF7F7F7" alpha="100" stop="0" />
              </colors>
            </fill>
          </color>
          <color name="bg">
            <fill type="linear" rotation="90">
              <colors>
                <color rgb="0xE9E9E9" alpha="100" stop="0" />
                <color rgb="0xCFCFCF" alpha="100" stop="255" />
              </colors>
            </fill>
          </color>
          <color name="border">
            <fill type="linear" rotation="90">
              <colors>
                <color rgb="0xE9E9E9" alpha="100" stop="0" />
                <color rgb="0xF3F3F3" alpha="100" stop="255" />
              </colors>
            </fill>
          </color>
          <color name="menu_shade">
            <fill type="linear" rotation="90">
              <colors>
                <color rgb="0xDBDBDB" alpha="100" stop="0" />
                <color rgb="0xC3C3C3" alpha="100" stop="255" />
              </colors>
            </fill>
          </color>
          <color name="slide_bg">
            <fill type="linear" rotation="90">
              <colors>
                <color rgb="0xE9E9E9" alpha="100" stop="0" />
                <color rgb="0xCFCFCF" alpha="100" stop="255" />
              </colors>
            </fill>
          </color>
        </group_colors>
      </color_group>
      <color_group name="button">
        <group_colors>
          <color name="btn_bg">
            <fill type="linear" rotation="90">
              <colors>
                <color rgb="0xF5F5F5" alpha="100" stop="0" />
                <color rgb="0xC7C7C7" alpha="100" stop="255" />
              </colors>
            </fill>
          </color>
          <color name="btn_hover">
            <fill type="linear" rotation="90">
              <colors>
                <color rgb="0xF2F2F2" alpha="100" stop="0" />
                <color rgb="0xAFAFAF" alpha="100" stop="255" />
              </colors>
            </fill>
          </color>
          <color name="btn_down">
            <fill type="linear" rotation="90">
              <colors>
                <color rgb="0xC7C7C7" alpha="100" stop="0" />
                <color rgb="0xF4F4F4" alpha="100" stop="255" />
              </colors>
            </fill>
          </color>
          <color name="btn_border">
            <fill type="linear" rotation="90">
              <colors>
                <color rgb="0xB1B1B1" alpha="100" stop="0" />
              </colors>
            </fill>
          </color>
          <color name="btn_text">
            <fill type="linear" rotation="90">
              <colors>
                <color rgb="0x353535" alpha="100" stop="0" />
              </colors>
            </fill>
          </color>
          <color name="btn_text_shadow">
            <fill type="linear" rotation="90">
              <colors>
                <color rgb="0xF0F0F0" alpha="100" stop="0" />
              </colors>
            </fill>
          </color>
          <color name="btn_icon_color">
            <fill type="linear" rotation="90">
              <colors>
                <color rgb="0x353535" alpha="100" stop="0" />
              </colors>
            </fill>
          </color>
          <color name="btn_glow">
            <fill type="linear" rotation="90">
              <colors>
                <color rgb="0xCFCFCF" alpha="100" stop="0" />
              </colors>
            </fill>
          </color>
        </group_colors>
      </color_group>
      <color_group name="checkbox">
        <group_colors>
          <color name="border">
            <fill type="linear" rotation="90">
              <colors>
                <color rgb="0xB8B8B8" alpha="100" stop="0" />
              </colors>
            </fill>
          </color>
          <color name="bg">
            <fill type="linear" rotation="90">
              <colors>
                <color rgb="0xFFFFFF" alpha="100" stop="0" />
              </colors>
            </fill>
          </color>
          <color name="check">
            <fill type="linear" rotation="90">
              <colors>
                <color rgb="0x33CC00" alpha="100" stop="0" />
              </colors>
            </fill>
          </color>
          <color name="text">
            <fill type="linear" rotation="90">
              <colors>
                <color rgb="0x444444" alpha="100" stop="0" />
              </colors>
            </fill>
          </color>
          <color name="hover">
            <fill type="linear" rotation="90">
              <colors>
                <color rgb="0x6BF8FF" alpha="100" stop="0" />
              </colors>
            </fill>
          </color>
        </group_colors>
      </color_group>
      <color_group name="logo">
        <group_colors>
          <color name="bg">
            <fill type="linear" rotation="90">
              <colors>
                <color rgb="0xFFFFFF" alpha="100" stop="0" />
              </colors>
            </fill>
          </color>
          <color name="shadow">
            <fill type="linear" rotation="90">
              <colors>
                <color rgb="0xB8B8B8" alpha="100" stop="0" />
              </colors>
            </fill>
          </color>
        </group_colors>
      </color_group>
      <color_group name="menu">
        <group_colors>
          <color name="bg">
            <fill type="linear" rotation="90">
              <colors>
                <color rgb="0xF3F3F3" alpha="100" stop="0" />
              </colors>
            </fill>
          </color>
          <color name="shadow">
            <fill type="linear" rotation="90">
              <colors>
                <color rgb="0xB8B8B8" alpha="100" stop="0" />
              </colors>
            </fill>
          </color>
        </group_colors>
      </color_group>
      <color_group name="scrollarea">
        <group_colors>
          <color name="bg">
            <fill type="linear" rotation="0">
              <colors>
                <color rgb="0xDEDEDE" alpha="100" stop="0" />
                <color rgb="0xE8E8E8" alpha="100" stop="128" />
              </colors>
            </fill>
          </color>
          <color name="border">
            <fill type="linear" rotation="90">
              <colors>
                <color rgb="0xF6F6F6" alpha="100" stop="0" />
                <color rgb="0xF3F3F3" alpha="100" stop="255" />
              </colors>
            </fill>
          </color>
          <color name="button_bg">
            <fill type="linear" rotation="90">
              <colors>
                <color rgb="0xC4C4C4" alpha="100" stop="0" />
                <color rgb="0xB2B2B2" alpha="100" stop="255" />
              </colors>
            </fill>
          </color>
          <color name="button_inner">
            <fill type="linear" rotation="90">
              <colors>
                <color rgb="0xCBCBCB" alpha="100" stop="0" />
                <color rgb="0xBABABA" alpha="100" stop="255" />
              </colors>
            </fill>
          </color>
          <color name="button_border">
            <fill type="linear" rotation="90">
              <colors>
                <color rgb="0xB8B8B8" alpha="100" stop="0" />
              </colors>
            </fill>
          </color>
          <color name="icons">
            <fill type="linear" rotation="90">
              <colors>
                <color rgb="0x555555" alpha="100" stop="0" />
              </colors>
            </fill>
          </color>
          <color name="shadow">
            <fill type="linear" rotation="90">
              <colors>
                <color rgb="0xD9D9D9" alpha="100" stop="0" />
              </colors>
            </fill>
          </color>
          <color name="detaila">
            <fill type="linear" rotation="90">
              <colors>
                <color rgb="0xA7A7A7" alpha="100" stop="0" />
              </colors>
            </fill>
          </color>
          <color name="detailb">
            <fill type="linear" rotation="90">
              <colors>
                <color rgb="0xCFCFCF" alpha="100" stop="0" />
              </colors>
            </fill>
          </color>
        </group_colors>
      </color_group>
      <color_group name="searchinput">
        <group_colors>
          <color name="bg">
            <fill type="linear" rotation="90">
              <colors>
                <color rgb="0xDFDFDF" alpha="100" stop="0" />
              </colors>
            </fill>
          </color>
          <color name="border">
            <fill type="linear" rotation="90">
              <colors>
                <color rgb="0xADADAD" alpha="100" stop="0" />
                <color rgb="0xFAFAFA" alpha="100" stop="255" />
              </colors>
            </fill>
          </color>
          <color name="icon">
            <fill type="linear" rotation="90">
              <colors>
                <color rgb="0x8A8A8A" alpha="100" stop="0" />
              </colors>
            </fill>
          </color>
          <color name="button_hover">
            <fill type="linear" rotation="90">
              <colors>
                <color rgb="0xF5F5F5" alpha="100" stop="0" />
                <color rgb="0xC7C7C7" alpha="100" stop="255" />
              </colors>
            </fill>
          </color>
          <color name="hover_glow">
            <fill type="linear" rotation="90">
              <colors>
                <color rgb="0x6BF8FF" alpha="100" stop="0" />
              </colors>
            </fill>
          </color>
          <color name="search_text">
            <fill type="linear" rotation="90">
              <colors>
                <color rgb="0x8A8A8A" alpha="100" stop="0" />
              </colors>
            </fill>
          </color>
          <color name="bg_active">
            <fill type="linear" rotation="90">
              <colors>
                <color rgb="0xFAFAFA" alpha="100" stop="0" />
              </colors>
            </fill>
          </color>
          <color name="text_active">
            <fill type="linear" rotation="90">
              <colors>
                <color rgb="0x333333" alpha="100" stop="0" />
              </colors>
            </fill>
          </color>
        </group_colors>
      </color_group>
      <color_group name="seekcontrol">
        <group_colors>
          <color name="bg">
            <fill type="linear" rotation="90">
              <colors>
                <color rgb="0xF5F5F5" alpha="100" stop="0" />
                <color rgb="0xC7C7C7" alpha="100" stop="255" />
              </colors>
            </fill>
          </color>
          <color name="border">
            <fill type="linear" rotation="90">
              <colors>
                <color rgb="0xB1B1B1" alpha="100" stop="0" />
              </colors>
            </fill>
          </color>
          <color name="seek_border">
            <fill type="linear" rotation="90">
              <colors>
                <color rgb="0xB8B8B8" alpha="100" stop="0" />
                <color rgb="0xEEEEEE" alpha="100" stop="255" />
              </colors>
            </fill>
          </color>
          <color name="seek_bg">
            <fill type="linear" rotation="90">
              <colors>
                <color rgb="0xE7E7E7" alpha="100" stop="0" />
              </colors>
            </fill>
          </color>
          <color name="seek_position">
            <fill type="linear" rotation="90">
              <colors>
                <color rgb="0xFFFFFF" alpha="100" stop="0" />
              </colors>
            </fill>
          </color>
          <color name="btn_icon_color">
            <fill type="linear" rotation="90">
              <colors>
                <color rgb="0x2D2D2D" alpha="100" stop="0" />
              </colors>
            </fill>
          </color>
          <color name="btn_icon_hover">
            <fill type="linear" rotation="90">
              <colors>
                <color rgb="0x555555" alpha="100" stop="0" />
              </colors>
            </fill>
          </color>
          <color name="btn_icon_shadow">
            <fill type="linear" rotation="90">
              <colors>
                <color rgb="0xF0F0F0" alpha="100" stop="0" />
              </colors>
            </fill>
          </color>
        </group_colors>
      </color_group>
      <color_group name="tabs">
        <group_colors>
          <color name="bg">
            <fill type="linear" rotation="90">
              <colors>
                <color rgb="0xF3F3F3" alpha="100" stop="0" />
              </colors>
            </fill>
          </color>
          <color name="text">
            <fill type="linear" rotation="90">
              <colors>
                <color rgb="0x555555" alpha="100" stop="0" />
              </colors>
            </fill>
          </color>
          <color name="selected">
            <fill type="linear" rotation="90">
              <colors>
                <color rgb="0x333333" alpha="100" stop="0" />
              </colors>
            </fill>
          </color>
          <color name="hover">
            <fill type="linear" rotation="90">
              <colors>
                <color rgb="0x333333" alpha="100" stop="0" />
              </colors>
            </fill>
          </color>
          <color name="shadow">
            <fill type="linear" rotation="90">
              <colors>
                <color rgb="0xF0F0F0" alpha="100" stop="0" />
              </colors>
            </fill>
          </color>
        </group_colors>
      </color_group>
      <color_group name="transcript">
        <group_colors>
          <color name="div">
            <fill type="linear" rotation="90">
              <colors>
                <color rgb="0xE1E1E1" alpha="100" stop="0" />
              </colors>
            </fill>
          </color>
          <color name="heading_text">
            <fill type="linear" rotation="90">
              <colors>
                <color rgb="0x444444" alpha="100" stop="0" />
              </colors>
            </fill>
          </color>
        </group_colors>
      </color_group>
      <color_group name="outline">
        <group_colors>
          <color name="diva">
            <fill type="linear" rotation="90">
              <colors>
                <color rgb="0xC6C6C6" alpha="100" stop="0" />
              </colors>
            </fill>
          </color>
          <color name="divb">
            <fill type="linear" rotation="90">
              <colors>
                <color rgb="0xF9F9F9" alpha="100" stop="0" />
              </colors>
            </fill>
          </color>
          <color name="divc">
            <fill type="linear" rotation="90">
              <colors>
                <color rgb="0xE1E1E1" alpha="100" stop="0" />
              </colors>
            </fill>
          </color>
          <color name="search_text">
            <fill type="linear" rotation="90">
              <colors>
                <color rgb="0x444444" alpha="100" stop="0" />
              </colors>
            </fill>
          </color>
          <color name="search_hover">
            <fill type="linear" rotation="90">
              <colors>
                <color rgb="0x0000EE" alpha="100" stop="0" />
              </colors>
            </fill>
          </color>
        </group_colors>
      </color_group>
      <color_group name="resource">
        <group_colors>
          <color name="separator">
            <fill type="linear" rotation="90">
              <colors>
                <color rgb="0xE0E0E0" alpha="100" stop="0" />
              </colors>
            </fill>
          </color>
        </group_colors>
      </color_group>
      <color_group name="glossary">
        <group_colors>
          <color name="selected_text">
            <fill type="linear" rotation="90">
              <colors>
                <color rgb="0x353535" alpha="100" stop="0" />
              </colors>
            </fill>
          </color>
          <color name="selected">
            <fill type="linear" rotation="90">
              <colors>
                <color rgb="0xC0E2F1" alpha="100" stop="0" />
              </colors>
            </fill>
          </color>
          <color name="text">
            <fill type="linear" rotation="90">
              <colors>
                <color rgb="0x353535" alpha="100" stop="0" />
              </colors>
            </fill>
          </color>
          <color name="hover">
            <fill type="linear" rotation="90">
              <colors>
                <color rgb="0xE6E6E6" alpha="100" stop="0" />
              </colors>
            </fill>
          </color>
          <color name="diva">
            <fill type="linear" rotation="90">
              <colors>
                <color rgb="0xE2E2E2" alpha="100" stop="0" />
              </colors>
            </fill>
          </color>
          <color name="divb">
            <fill type="linear" rotation="90">
              <colors>
                <color rgb="0xE2E2E2" alpha="100" stop="0" />
              </colors>
            </fill>
          </color>
          <color name="divc">
            <fill type="linear" rotation="90">
              <colors>
                <color rgb="0xFAFAFA" alpha="100" stop="0" />
              </colors>
            </fill>
          </color>
          <color name="bg">
            <fill type="linear" rotation="90">
              <colors>
                <color rgb="0xE7E7E7" alpha="100" stop="0" />
              </colors>
            </fill>
          </color>
          <color name="heading_text">
            <fill type="linear" rotation="90">
              <colors>
                <color rgb="0x444444" alpha="100" stop="0" />
              </colors>
            </fill>
          </color>
        </group_colors>
      </color_group>
      <color_group name="volume">
        <group_colors>
          <color name="thumb_border">
            <fill type="linear" rotation="90">
              <colors>
                <color rgb="0xA5A5A5" alpha="100" stop="0" />
              </colors>
            </fill>
          </color>
          <color name="thumb_inner">
            <fill type="linear" rotation="90">
              <colors>
                <color rgb="0xD4D4D4" alpha="100" stop="0" />
              </colors>
            </fill>
          </color>
          <color name="thumb_bg">
            <fill type="linear" rotation="90">
              <colors>
                <color rgb="0xC8C8C8" alpha="100" stop="0" />
              </colors>
            </fill>
          </color>
          <color name="slider_border">
            <fill type="linear" rotation="90">
              <colors>
                <color rgb="0xF2F2F2" alpha="100" stop="0" />
              </colors>
            </fill>
          </color>
          <color name="slider_bg">
            <fill type="linear" rotation="90">
              <colors>
                <color rgb="0xBCBCBC" alpha="100" stop="0" />
                <color rgb="0xBCBCBC" alpha="100" stop="128" />
                <color rgb="0xC3C3C3" alpha="100" stop="255" />
              </colors>
            </fill>
          </color>
        </group_colors>
      </color_group>
    </colorscheme>
  </colorschemes>
  <string_tables>
    <string_table name="pxabsnfns00000100101">
      <string id="acc_active">active</string>
      <string id="acc_closed_captions">Closed captions.</string>
      <string id="acc_definition">definition</string>
      <string id="acc_enter_fullscreen">Enter full-screen mode</string>
      <string id="acc_exit_fullscreen">Exit full-screen mode</string>
      <string id="acc_finish">finish</string>
      <string id="acc_locked">locked</string>
      <string id="acc_modern_video_captions">video captions</string>
      <string id="acc_modern_video_fullscreen">full-screen video</string>
      <string id="acc_modern_video_mute">mute video</string>
      <string id="acc_modern_video_pause">pause video</string>
      <string id="acc_modern_video_pip">picture-in-picture</string>
      <string id="acc_modern_video_play">play video</string>
      <string id="acc_modern_video_playback_speed">playback speed</string>
      <string id="acc_modern_video_settings">video settings</string>
      <string id="acc_modern_video_volume">video volume</string>
      <string id="acc_next">next</string>
      <string id="acc_pause">pause</string>
      <string id="acc_play">play</string>
      <string id="acc_previous">previous</string>
      <string id="acc_replay">replay</string>
      <string id="acc_resources">resources</string>
      <string id="acc_search_input">search</string>
      <string id="acc_skipnavigation">Back to top</string>
      <string id="acc_slide_progress">slide progress</string>
      <string id="acc_submit">submit</string>
      <string id="acc_submitall">submit all</string>
      <string id="acc_three_image_count_of_total_item_visited">%count% of %total% item visited</string>
      <string id="acc_three_image_count_of_total_items_visited">%count% of %total% items visited</string>
      <string id="acc_three_image_step_count_of_total">step %count% of %total%</string>
      <string id="acc_visited">visited</string>
      <string id="acc_volume">volume</string>
      <string id="accessible_text">Accessible text</string>
      <string id="acctext_shortcut">Toggle accessible text</string>
      <string id="action">Action</string>
      <string id="alt_key">Alt</string>
      <string id="bio">Bio</string>
      <string id="check_include">Check to include</string>
      <string id="clear">Clear and return to menu</string>
      <string id="close">Close</string>
      <string id="closed_captions">Captions</string>
      <string id="closed_captions_tip">Toggle captions</string>
      <string id="closedcaptions_shortcut">Toggle closed captions</string>
      <string id="continue">Continue</string>
      <string id="continueresponsive">Continue</string>
      <string id="ctrl_key">Ctrl</string>
      <string id="definition">Definition</string>
      <string id="desktop_start">Start Course</string>
      <string id="disabled_orientation">Please rotate your device</string>
      <string id="enable_keyboardshortcuts">Enable keyboard shortcuts</string>
      <string id="enter_key">Enter</string>
      <string id="exit">Exit</string>
      <string id="filter">Filter</string>
      <string id="finish">FINISH</string>
      <string id="fullscreen_shortcut">Toggle full-screen mode</string>
      <string id="glossary">Glossary</string>
      <string id="keyboardshortcuts">Keyboard Shortcuts</string>
      <string id="keyboardshortcuts_lower">Keyboard shortcuts</string>
      <string id="mobile_start">Start Course</string>
      <string id="modern_video_captions_label">Captions</string>
      <string id="modern_video_captions_off">Off</string>
      <string id="modern_video_captions_on">On</string>
      <string id="modern_video_normal_speed">Normal</string>
      <string id="modern_video_playback_settings">Video Playback Settings</string>
      <string id="modern_video_playback_speed_title">Playback Speed</string>
      <string id="modern_video_settings_close">close video settings</string>
      <string id="more_info">More info</string>
      <string id="mute_shortcut">Mute / unmute</string>
      <string id="mute_tip">Mute</string>
      <string id="next">NEXT</string>
      <string id="next_shortcut">Next slide</string>
      <string id="next_slide_tip">Next slide</string>
      <string id="outline">Menu</string>
      <string id="pause_tip">Pause</string>
      <string id="play_tip">Play</string>
      <string id="playpause_shortcut">Play / pause</string>
      <string id="prev">PREV</string>
      <string id="previous_shortcut">Previous slide</string>
      <string id="previous_slide_tip">Previous slide</string>
      <string id="progress_hour">hour</string>
      <string id="progress_hours">hours</string>
      <string id="progress_minute">minute</string>
      <string id="progress_minutes">minutes</string>
      <string id="progress_second">second</string>
      <string id="progress_seconds">seconds</string>
      <string id="question_list">Question List</string>
      <string id="replay_shortcut">Replay slide</string>
      <string id="replay_tip">Replay</string>
      <string id="resources">Resources</string>
      <string id="restart">Restart</string>
      <string id="resume">Resume</string>
      <string id="search">Search...</string>
      <string id="search_in">Search in:</string>
      <string id="search_results">Search Results</string>
      <string id="search_toggle">Search</string>
      <string id="send_an_email">Send an email</string>
      <string id="settings_tip">Settings</string>
      <string id="shift_key">Shift</string>
      <string id="shortcut">Shortcut</string>
      <string id="shortcuthelp">List keyboard shortcuts</string>
      <string id="sidebar_toggle">Sidebar Toggle</string>
      <string id="slide_text_chk">Slide Text</string>
      <string id="spacebar_key">Space</string>
      <string id="submit">SUBMIT</string>
      <string id="submit_shortcut">Submit slide</string>
      <string id="submit_tip">Submit</string>
      <string id="submitall">SUBMIT ALL</string>
      <string id="terms">Terms</string>
      <string id="three_image_audio">audio</string>
      <string id="three_image_camera_down">camera moved down</string>
      <string id="three_image_camera_left">camera moved left</string>
      <string id="three_image_camera_right">camera moved right</string>
      <string id="three_image_camera_up">camera moved up</string>
      <string id="three_image_count_of_total">%count% of %total%</string>
      <string id="three_image_count_of_total_visited">%count% of %total% visited</string>
      <string id="three_image_hotspot">hotspot</string>
      <string id="three_image_instructions">Use the w, a, s, and d keys to move around the 360 degree image. Press the tab key to jump to interactive markers and hotspots.</string>
      <string id="three_image_interaction">360 degree image interaction</string>
      <string id="three_image_interaction_free">free exploration mode</string>
      <string id="three_image_interaction_guided">guided tour mode</string>
      <string id="three_image_interaction_next">next</string>
      <string id="three_image_interaction_prev">previous</string>
      <string id="three_image_interaction_step">step</string>
      <string id="three_image_item">item</string>
      <string id="three_image_items">items</string>
      <string id="three_image_label">label</string>
      <string id="three_image_marker">marker</string>
      <string id="three_image_of">of</string>
      <string id="three_image_pause_audio">pause audio</string>
      <string id="three_image_pause_video">pause video</string>
      <string id="three_image_play_audio">play audio</string>
      <string id="three_image_play_video">play video</string>
      <string id="three_image_progress_audio">progress</string>
      <string id="three_image_progress_video">progress</string>
      <string id="three_image_tooltip">tooltip</string>
      <string id="three_image_total_item">%total% item</string>
      <string id="three_image_total_items">%total% items</string>
      <string id="three_image_video">video</string>
      <string id="three_image_video_volume">video volume</string>
      <string id="three_image_visited">visited</string>
      <string id="togglezoom">Toggle zoom to fit</string>
      <string id="transcript">Notes</string>
      <string id="transcript_chk">Notes</string>
      <string id="unmute_tip">Unmute</string>
      <string id="zoom_to_fit">Zoom to fit</string>
    </string_table>
  </string_tables>
  <fonts>
    <font name="Open Sans">
      <files>
        <file bold="true" italic="false" />
        <file bold="false" italic="false" />
      </files>
    </font>
  </fonts>
  <sounds enabled="true" />
  <nav_data>
    <outline>
      <links>
        <slidelink slideid="_player.6Gt2YC7IfXc" displaytext="Untitled Scene" expand="true" type="slide">
          <links>
            <slidelink slideid="_player.6Gt2YC7IfXc.6K2eUDY6meO" displaytext="تسجيل الدخول" expand="false" type="slide" />
            <slidelink slideid="_player.6Gt2YC7IfXc.6fnQhXCVMKi" displaytext="Untitled Slide" expand="false" type="slide" />
            <slidelink slideid="_player.6Gt2YC7IfXc.6qFmOZn8bQv" displaytext="Untitled Slide" expand="false" type="slide" />
            <slidelink slideid="_player.6Gt2YC7IfXc.6ULJlpjIdH6" displaytext="Untitled Slide" expand="false" type="slide" />
            <slidelink slideid="_player.6Gt2YC7IfXc.61JUxTDvjqN" displaytext="Untitled Slide" expand="false" type="slide" />
            <slidelink slideid="_player.6Gt2YC7IfXc.6FqBKDFvxML" displaytext="Hotspot" expand="false" type="slide" />
            <slidelink slideid="_player.6Gt2YC7IfXc.6aaSSfBPint" displaytext="Hotspot" expand="false" type="slide" />
            <slidelink slideid="_player.6Gt2YC7IfXc.6UDTBiK2lXx" displaytext="Hotspot" expand="false" type="slide" />
            <slidelink slideid="_player.6Gt2YC7IfXc.5Z5NNFttuiE" displaytext="Hotspot" expand="false" type="slide" />
            <slidelink slideid="_player.6Gt2YC7IfXc.5bq7mridnRf" displaytext="Hotspot" expand="false" type="slide" />
            <slidelink slideid="_player.6Gt2YC7IfXc.6Y2cIPvD6Vc" displaytext="Hotspot" expand="false" type="slide" />
            <slidelink slideid="_player.6Gt2YC7IfXc.673nGoQdE9D" displaytext="Hotspot" expand="false" type="slide" />
            <slidelink slideid="_player.6Gt2YC7IfXc.6SsWnC53u9p" displaytext="Hotspot" expand="false" type="slide" />
            <slidelink slideid="_player.6Gt2YC7IfXc.6j9K7hMdjK9" displaytext="Hotspot" expand="false" type="slide" />
            <slidelink slideid="_player.6Gt2YC7IfXc.6jJHHgBGyeN" displaytext="Hotspot" expand="false" type="slide" />
            <slidelink slideid="_player.6Gt2YC7IfXc.5tW2AED8zzO" displaytext="Hotspot" expand="false" type="slide" />
            <slidelink slideid="_player.6Gt2YC7IfXc.6XU7CA189an" displaytext="Hotspot" expand="false" type="slide" />
            <slidelink slideid="_player.6Gt2YC7IfXc.69CPGOeBhJm" displaytext="Hotspot" expand="false" type="slide" />
            <slidelink slideid="_player.6Gt2YC7IfXc.60afjEtQ7UM" displaytext="Hotspot" expand="false" type="slide" />
            <slidelink slideid="_player.6Gt2YC7IfXc.5itqLLFBT3E" displaytext="Hotspot" expand="false" type="slide" />
            <slidelink slideid="_player.6Gt2YC7IfXc.5gs9kGqHNey" displaytext="Untitled Slide" expand="false" type="slide" />
            <slidelink slideid="_player.6Gt2YC7IfXc.5a3tMiE0FSs" displaytext="Hotspot" expand="false" type="slide" />
            <slidelink slideid="_player.6Gt2YC7IfXc.6IoeoLBhBxO" displaytext="Untitled Slide" expand="false" type="slide" />
            <slidelink slideid="_player.6Gt2YC7IfXc.5qUhS19nOLc" displaytext="Drag and Drop" expand="false" type="slide" />
            <slidelink slideid="_player.6Gt2YC7IfXc.6SG9qmQeNVG" displaytext="Drag and Drop" expand="false" type="slide" />
            <slidelink slideid="_player.6Gt2YC7IfXc.6pmCtdxIkFx" displaytext="Drag and Drop" expand="false" type="slide" />
            <slidelink slideid="_player.6Gt2YC7IfXc.6os2QXdKzgR" displaytext="Untitled Slide" expand="false" type="slide" />
            <slidelink slideid="_player.6Gt2YC7IfXc.66eTxsO3ByA" displaytext="Hotspot" expand="false" type="slide" />
            <slidelink slideid="_player.6Gt2YC7IfXc.5lwYg0x49pV" displaytext="Hotspot" expand="false" type="slide" />
            <slidelink slideid="_player.6Gt2YC7IfXc.5dy5U4EoFnn" displaytext="Hotspot" expand="false" type="slide" />
            <slidelink slideid="_player.6Gt2YC7IfXc.6NK7rmObLm2" displaytext="Untitled Slide" expand="false" type="slide" />
            <slidelink slideid="_player.6Gt2YC7IfXc.6320mLAIcs1" displaytext="Pick Many" expand="false" type="slide" />
            <slidelink slideid="_player.6Gt2YC7IfXc.6rDxhuzk0G1" displaytext="Pick Many" expand="false" type="slide" />
            <slidelink slideid="_player.6Gt2YC7IfXc.69vzghQSULk" displaytext="Pick Many" expand="false" type="slide" />
            <slidelink slideid="_player.6Gt2YC7IfXc.6CtRerhrljy" displaytext="Pick Many" expand="false" type="slide" />
            <slidelink slideid="_player.6Gt2YC7IfXc.6W3KjzzwEPq" displaytext="Untitled Slide" expand="false" type="slide" />
            <slidelink slideid="_player.6Gt2YC7IfXc.6bDKPKr0zQ8" displaytext="Hotspot" expand="false" type="slide" />
            <slidelink slideid="_player.6Gt2YC7IfXc.6Q53hiVnE67" displaytext="Hotspot" expand="false" type="slide" />
            <slidelink slideid="_player.6Gt2YC7IfXc.6VoOsBzkyyd" displaytext="Hotspot" expand="false" type="slide" />
            <slidelink slideid="_player.6Gt2YC7IfXc.5nafnwe04gh" displaytext="Hotspot" expand="false" type="slide" />
            <slidelink slideid="_player.6Gt2YC7IfXc.5VOlUKLlvQt" displaytext="Untitled Slide" expand="false" type="slide" />
            <slidelink slideid="_player.6Gt2YC7IfXc.6W9pypkkOvf" displaytext="Sequence Drag-and-Drop" expand="false" type="slide" />
            <slidelink slideid="_player.6Gt2YC7IfXc.5dp7A0SXQs1" displaytext="Sequence Drag-and-Drop" expand="false" type="slide" />
            <slidelink slideid="_player.6Gt2YC7IfXc.6jBli8L0XgC" displaytext="Untitled Slide" expand="false" type="slide" />
            <slidelink slideid="_player.6Gt2YC7IfXc.6IjLlqFHlo7" displaytext="Untitled Slide" expand="false" type="slide" />
            <slidelink slideid="_player.6Gt2YC7IfXc.6Pt2T84Kyba" displaytext="Hotspot" expand="false" type="slide" />
            <slidelink slideid="_player.6Gt2YC7IfXc.68Q0gCQAXG2" displaytext="Untitled Slide" expand="false" type="slide" />
            <slidelink slideid="_player.6Gt2YC7IfXc.6XapHFHUG3A" displaytext="Hotspot" expand="false" type="slide" />
            <slidelink slideid="_player.6Gt2YC7IfXc.602EnEruA8F" displaytext="Untitled Slide" expand="false" type="slide" />
            <slidelink slideid="_player.6Gt2YC7IfXc.63DNAcC2GBZ" displaytext="Hotspot" expand="false" type="slide" />
            <slidelink slideid="_player.6Gt2YC7IfXc.5WDQKDHOh6F" displaytext="Untitled Slide" expand="false" type="slide" />
            <slidelink slideid="_player.6Gt2YC7IfXc.64h9XnB6Xce" displaytext="Hotspot" expand="false" type="slide" />
            <slidelink slideid="_player.6Gt2YC7IfXc.6S9kJZYxTEE" displaytext="Untitled Slide" expand="false" type="slide" />
            <slidelink slideid="_player.6Gt2YC7IfXc.5eRaie941Wz" displaytext="Hotspot" expand="false" type="slide" />
            <slidelink slideid="_player.6Gt2YC7IfXc.6hoTLO6XBmn" displaytext="Untitled Slide" expand="false" type="slide" />
            <slidelink slideid="_player.6Gt2YC7IfXc.5Ys9TqAO5l9" displaytext="Hotspot" expand="false" type="slide" />
            <slidelink slideid="_player.6Gt2YC7IfXc.5scjxLbTJrf" displaytext="Untitled Slide" expand="false" type="slide" />
            <slidelink slideid="_player.6Gt2YC7IfXc.5kbWH8eH0K0" displaytext="Hotspot" expand="false" type="slide" />
            <slidelink slideid="_player.6Gt2YC7IfXc.6aKgQcxMogK" displaytext="Untitled Slide" expand="false" type="slide" />
            <slidelink slideid="_player.6Gt2YC7IfXc.6P5z2Ezp5DP" displaytext="Hotspot" expand="false" type="slide" />
            <slidelink slideid="_player.6Gt2YC7IfXc.5zNCECIe6DA" displaytext="Untitled Slide" expand="false" type="slide" />
            <slidelink slideid="_player.6Gt2YC7IfXc.5q3mEjYLn0i" displaytext="Hotspot" expand="false" type="slide" />
            <slidelink slideid="_player.6Gt2YC7IfXc.6MGw0mVkEHY" displaytext="Untitled Slide" expand="false" type="slide" />
            <slidelink slideid="_player.6Gt2YC7IfXc.6gg7PuVNQJI" displaytext="Hotspot" expand="false" type="slide" />
            <slidelink slideid="_player.6Gt2YC7IfXc.6Fk1GP7nlzq" displaytext="Hotspot" expand="false" type="slide" />
            <slidelink slideid="_player.6Gt2YC7IfXc.6UXjfrhKu6W" displaytext="Hotspot" expand="false" type="slide" />
            <slidelink slideid="_player.6Gt2YC7IfXc.6WLg1vBBgWj" displaytext="Hotspot" expand="false" type="slide" />
            <slidelink slideid="_player.6Gt2YC7IfXc.5eOjULKfef4" displaytext="Hotspot" expand="false" type="slide" />
            <slidelink slideid="_player.6Gt2YC7IfXc.6BxsFUmcXTg" displaytext="Hotspot" expand="false" type="slide" />
            <slidelink slideid="_player.6Gt2YC7IfXc.63tGEACnfNo" displaytext="Hotspot" expand="false" type="slide" />
            <slidelink slideid="_player.6Gt2YC7IfXc.5aIK5pVNKXY" displaytext="Hotspot" expand="false" type="slide" />
            <slidelink slideid="_player.6Gt2YC7IfXc.6kDo92SRwO0" displaytext="Hotspot" expand="false" type="slide" />
            <slidelink slideid="_player.6Gt2YC7IfXc.6oMmXTndiyX" displaytext="Hotspot" expand="false" type="slide" />
            <slidelink slideid="_player.6Gt2YC7IfXc.5zZU57ElJ2u" displaytext="Hotspot" expand="false" type="slide" />
            <slidelink slideid="_player.6Gt2YC7IfXc.6IQM4WRGJlQ" displaytext="Hotspot" expand="false" type="slide" />
            <slidelink slideid="_player.6Gt2YC7IfXc.5lgnzYWabho" displaytext="Hotspot" expand="false" type="slide" />
            <slidelink slideid="_player.6Gt2YC7IfXc.6K0Hy9LeUY4" displaytext="Hotspot" expand="false" type="slide" />
            <slidelink slideid="_player.6Gt2YC7IfXc.6TLwgx67e8Y" displaytext="Hotspot" expand="false" type="slide" />
            <slidelink slideid="_player.6Gt2YC7IfXc.6IouNKv8SiK" displaytext="Untitled Slide" expand="false" type="slide" />
            <slidelink slideid="_player.6Gt2YC7IfXc.65gFUHdrYAn" displaytext="Hotspot" expand="false" type="slide" />
            <slidelink slideid="_player.6Gt2YC7IfXc.5hPQYXwN3pl" displaytext="Hotspot" expand="false" type="slide" />
            <slidelink slideid="_player.6Gt2YC7IfXc.5wiBroaFYgL" displaytext="Hotspot" expand="false" type="slide" />
            <slidelink slideid="_player.6Gt2YC7IfXc.6rCeLK8epoN" displaytext="Hotspot" expand="false" type="slide" />
            <slidelink slideid="_player.6Gt2YC7IfXc.6H3Cbj43Zzm" displaytext="Hotspot" expand="false" type="slide" />
            <slidelink slideid="_player.6Gt2YC7IfXc.684kVg1y6y8" displaytext="Hotspot" expand="false" type="slide" />
            <slidelink slideid="_player.6Gt2YC7IfXc.5gpWWdOq2hs" displaytext="Hotspot" expand="false" type="slide" />
            <slidelink slideid="_player.6Gt2YC7IfXc.5zUEpV8nlPu" displaytext="Hotspot" expand="false" type="slide" />
            <slidelink slideid="_player.6Gt2YC7IfXc.6N2b3bseqXL" displaytext="Hotspot" expand="false" type="slide" />
            <slidelink slideid="_player.6Gt2YC7IfXc.6ZxZAzv4SCk" displaytext="Hotspot" expand="false" type="slide" />
            <slidelink slideid="_player.6Gt2YC7IfXc.5ukGlDNuwsb" displaytext="Hotspot" expand="false" type="slide" />
            <slidelink slideid="_player.6Gt2YC7IfXc.6V54WP7oIhX" displaytext="Hotspot" expand="false" type="slide" />
            <slidelink slideid="_player.6Gt2YC7IfXc.6j9PZ8yRS0C" displaytext="Hotspot" expand="false" type="slide" />
            <slidelink slideid="_player.6Gt2YC7IfXc.5WXGzEIxLlm" displaytext="Hotspot" expand="false" type="slide" />
            <slidelink slideid="_player.6Gt2YC7IfXc.6kIdXFXqz6E" displaytext="Hotspot" expand="false" type="slide" />
            <slidelink slideid="_player.6Gt2YC7IfXc.6aPRR74mXPR" displaytext="Untitled Slide" expand="false" type="slide" />
            <slidelink slideid="_player.6Gt2YC7IfXc.6KYKJsgAOsF" displaytext="Hotspot" expand="false" type="slide" />
            <slidelink slideid="_player.6Gt2YC7IfXc.6jSpk34aUW5" displaytext="Hotspot" expand="false" type="slide" />
            <slidelink slideid="_player.6Gt2YC7IfXc.5e07zXaITUF" displaytext="Hotspot" expand="false" type="slide" />
            <slidelink slideid="_player.6Gt2YC7IfXc.5rMtJ98VT1c" displaytext="Untitled Slide" expand="false" type="slide" />
            <slidelink slideid="_player.6Gt2YC7IfXc.6J1i5a9gkl0" displaytext="Hotspot" expand="false" type="slide" />
            <slidelink slideid="_player.6Gt2YC7IfXc.6rZ3vPGvYAR" displaytext="Hotspot" expand="false" type="slide" />
            <slidelink slideid="_player.6Gt2YC7IfXc.6eSxLYjWzoe" displaytext="Hotspot" expand="false" type="slide" />
          </links>
        </slidelink>
      </links>
    </outline>
  </nav_data>
  <resource_data description="&lt;p align='left'&gt;&lt;font face='Open Sans' style='font-size: 11px;' size='11' color='#444444'&gt;Here are some useful links and documents:&lt;/font&gt;&lt;/p&gt;" />
  <transcript_data />
  <glossary_data />
</bwFrame>